token_id,token_string,token_type
0,<BOS>,control
1,<EOS>,control
2,jake,word
3,car,word
4,engine,word
5,road,word
6,start,word
7,drive,word
8,.,punct
9,",",punct
10,vroom,misc
11,move,misc
12,the,word
13,in,word
14,drove,word
15,<UNK>,misc
16,and,word
17,for,word
18,with,word
19,this,word
20,property,word
21,not,word
22,that,word
23,are,word
24,will,word
25,link,word
26,build,word
27,when,word
28,directory,word
29,use,word
30,package,word
31,list,word
32,library,word
33,vowel,word
34,files,word
35,code,word
36,value,word
37,used,word
38,option,word
39,include,word
40,arabic,word
41,new,word
42,symbol,word
43,may,word
44,see,word
45,source,word
46,project,word
47,tai,word
48,default,word
49,find,word
50,add,word
51,egyptian,word
52,compiler,word
53,from,word
54,install,word
55,manual,word
56,libraries,word
57,one,word
58,form,word
59,targets,word
60,old,word
61,can,word
62,compile,word
63,digit,word
64,all,word
65,test,word
66,only,word
67,options,word
68,output,word
69,number,word
70,above,word
71,ref,word
72,variables,word
73,using,word
74,left,word
75,hangul,word
76,interface,word
77,specified,word
78,behavior,word
79,system,word
80,was,word
81,dir,word
82,lang,word
83,canadian,word
84,syllabics,word
85,language,word
86,type,word
87,times,word
88,line,word
89,now,word
90,org,word
91,added,word
92,properties,word
93,specify,word
94,also,word
95,bamum,word
96,has,word
97,any,word
98,greek,word
99,character,word
100,kde,word
101,current,word
102,phase,word
103,var,word
104,bold,word
105,arrow,word
106,anatolian,word
107,component,word
108,prefix,word
109,combining,word
110,lib,word
111,linear,word
112,thai,word
113,viet,word
114,custom,word
115,generators,word
116,below,word
117,imported,word
118,lao,word
119,other,word
120,ligature,word
121,have,word
122,created,word
123,generated,word
124,musical,word
125,given,word
126,commands,word
127,support,word
128,span,word
129,double,word
130,each,word
131,square,word
132,ethiopic,word
133,features,word
134,should,word
135,example,word
136,visual,word
137,run,word
138,following,word
139,must,word
140,note,word
141,studio,word
142,two,word
143,but,word
144,public,word
145,cyrillic,word
146,mark,word
147,object,word
148,standard,word
149,foo,word
150,lue,word
151,its,word
152,size,word
153,tamil,word
154,italic,word
155,error,word
156,true,word
157,required,word
158,platform,word
159,suffix,word
160,expression,word
161,supported,word
162,deprecated,word
163,same,word
164,mode,word
165,index,word
166,windows,word
167,cache,word
168,final,word
169,circled,word
170,they,word
171,serif,word
172,such,word
173,radical,word
174,sans,word
175,linker,word
176,defined,word
177,does,word
178,dots,word
179,names,word
180,optional,word
181,been,word
182,dependency,word
183,level,word
184,low,word
185,more,word
186,specific,word
187,high,word
188,projects,word
189,instead,word
190,align,word
191,genex,word
192,arguments,word
193,shared,word
194,learned,word
195,debug,word
196,archive,word
197,cuda,word
198,function,word
199,than,word
200,runtime,word
201,relative,word
202,export,word
203,static,word
204,dot,word
205,release,word
206,katakana,word
207,search,word
208,then,word
209,generate,word
210,group,word
211,header,word
212,three,word
213,result,word
214,argument,word
215,values,word
216,some,word
217,binary,word
218,root,word
219,style,word
220,time,word
221,hand,word
222,get,word
223,setting,word
224,enable,word
225,gained,word
226,uses,word
227,available,word
228,message,word
229,android,word
230,sources,word
231,feature,word
232,these,word
233,tree,word
234,vai,word
235,top,word
236,pattern,word
237,scheme,word
238,sets,word
239,white,word
240,framework,word
241,explicitly,word
242,specifying,word
243,whether,word
244,hentaigana,word
245,full,word
246,lower,word
247,vertical,word
248,toolchain,word
249,introduced,word
250,selector,word
251,before,word
252,format,word
253,macro,word
254,modules,word
255,case,word
256,additional,word
257,div,word
258,non,word
259,empty,word
260,their,word
261,program,word
262,replace,word
263,tool,word
264,variation,word
265,messages,word
266,braille,word
267,modifier,word
268,scope,word
269,resource,word
270,where,word
271,found,word
272,depends,word
273,ninja,word
274,entry,word
275,location,word
276,signature,word
277,font,word
278,functions,word
279,byzantine,word
280,into,word
281,middle,word
282,registry,word
283,sara,word
284,single,word
285,content,word
286,after,word
287,provided,word
288,versions,word
289,compiling,word
290,stroke,word
291,user,word
292,four,word
293,isolated,word
294,call,word
295,extensions,word
296,initial,word
297,title,word
298,preset,word
299,provides,word
300,based,word
301,doc,word
302,exclude,word
303,myanmar,word
304,try,word
305,upper,word
306,built,word
307,automoc,word
308,heavy,word
309,host,word
310,equal,word
311,five,word
312,order,word
313,end,word
314,jongseong,word
315,since,word
316,supports,word
317,tibetan,word
318,input,word
319,multiple,word
320,control,word
321,step,word
322,choseong,word
323,kangxi,word
324,kikakui,word
325,mende,word
326,out,word
327,like,word
328,make,word
329,otherwise,word
330,api,word
331,global,word
332,open,word
333,private,word
334,member,word
335,contain,word
336,append,word
337,enabled,word
338,flag,word
339,major,word
340,bgcolor,word
341,field,word
342,per,word
343,warning,word
344,headers,word
345,meem,word
346,separated,word
347,toolset,word
348,were,word
349,team,word
350,bar,word
351,components,word
352,hiragana,word
353,bracket,word
354,filename,word
355,mailto,word
356,over,word
357,packages,word
358,contents,word
359,hook,word
360,installed,word
361,yeh,word
362,specifies,word
363,envvar,word
364,movement,word
365,compilers,word
366,triangle,word
367,coptic,word
368,plus,word
369,autogen,word
370,tone,word
371,ignored,word
372,users,word
373,both,word
374,absolute,word
375,net,word
376,carrier,word
377,without,word
378,georgian,word
379,usage,word
380,box,word
381,entries,word
382,create,word
383,gui,word
384,skip,word
385,section,word
386,through,word
387,pre,word
388,squared,word
389,cherokee,word
390,down,word
391,mongolian,word
392,parameter,word
393,circle,word
394,face,word
395,devanagari,word
396,either,word
397,equivalent,word
398,ignore,word
399,there,word
400,env,word
401,horizontal,word
402,part,word
403,fortran,word
404,gnu,word
405,pointing,word
406,aab,word
407,half,word
408,would,word
409,jungseong,word
410,long,word
411,always,word
412,being,word
413,main,word
414,read,word
415,six,word
416,those,word
417,false,word
418,log,word
419,them,word
420,during,word
421,policies,word
422,containing,word
423,eight,word
424,multi,word
425,changes,word
426,because,word
427,listed,word
428,mandatory,word
429,named,word
430,present,word
431,contains,word
432,even,word
433,items,word
434,need,word
435,symbols,word
436,tilde,word
437,com,word
438,minor,word
439,vocalic,word
440,remove,word
441,removed,word
442,via,word
443,zero,word
444,bundle,word
445,define,word
446,miao,word
447,teams,word
448,autouic,word
449,called,word
450,consonant,word
451,details,word
452,extension,word
453,included,word
454,semicolon,word
455,initialize,word
456,regular,word
457,different,word
458,extra,word
459,provide,word
460,seven,word
461,sha,word
462,tile,word
463,west,word
464,drawings,word
465,duployan,word
466,gen,word
467,headed,word
468,passed,word
469,process,word
470,return,word
471,array,word
472,base,word
473,nine,word
474,tar,word
475,hebrew,word
476,hundred,word
477,query,word
478,text,word
479,acute,word
480,gondi,word
481,regex,word
482,tham,word
483,boolean,word
484,how,word
485,tag,word
486,alef,word
487,languages,word
488,allow,word
489,malayalam,word
490,reference,word
491,glagolitic,word
492,stop,word
493,treated,word
494,balinese,word
495,off,word
496,syntax,word
497,cree,word
498,linking,word
499,requested,word
500,linked,word
501,native,word
502,keyword,word
503,pahawh,word
504,cases,word
505,fist,word
506,import,word
507,moc,word
508,running,word
509,longer,word
510,ring,word
511,sinhala,word
512,turned,word
513,item,word
514,meroitic,word
515,overview,word
516,requires,word
517,types,word
518,copy,word
519,kind,word
520,makefile,word
521,made,word
522,own,word
523,associated,word
524,diagonal,word
525,site,word
526,help,word
527,tools,word
528,update,word
529,apple,word
530,evaluated,word
531,medium,word
532,numeric,word
533,pass,word
534,wallplane,word
535,alchemical,word
536,direct,word
537,ideogram,word
538,already,word
539,feb,word
540,indic,word
541,nuget,word
542,rules,word
543,tell,word
544,while,word
545,allowed,word
546,greater,word
547,thousand,word
548,unity,word
549,way,word
550,between,word
551,condition,word
552,gnome,word
553,hungarian,word
554,large,word
555,presets,word
556,references,word
557,returns,word
558,sub,word
559,client,word
560,directly,word
561,external,word
562,folder,word
563,load,word
564,integer,word
565,brahmi,word
566,however,word
567,key,word
568,most,word
569,negative,word
570,override,word
571,url,word
572,bengali,word
573,highscore,word
574,less,word
575,objects,word
576,rieul,word
577,dashboard,word
578,grave,word
579,gray,word
580,grey,word
581,hip,word
582,normal,word
583,parent,word
584,psili,word
585,building,word
586,change,word
587,characters,word
588,dasia,word
589,itself,word
590,matches,word
591,point,word
592,upwards,word
593,armenian,word
594,barb,word
595,floorplane,word
596,useful,word
597,arm,word
598,pieup,word
599,post,word
600,rule,word
601,what,word
602,working,word
603,exist,word
604,settings,word
605,setup,word
606,store,word
607,telugu,word
608,autorcc,word
609,device,word
610,possible,word
611,warn,word
612,else,word
613,fraction,word
614,jeem,word
615,kannada,word
616,parameters,word
617,comma,word
618,domino,word
619,nsis,word
620,oriya,word
621,siddham,word
622,updated,word
623,allows,word
624,center,word
625,installer,word
626,intended,word
627,parallel,word
628,separator,word
629,another,word
630,compatible,word
631,fraktur,word
632,medial,word
633,work,word
634,bhaiksuki,word
635,circumflex,word
636,explicit,word
637,gujarati,word
638,members,word
639,newa,word
640,packaging,word
641,alpha,word
642,angle,word
643,existing,word
644,inside,word
645,last,word
646,sharada,word
647,within,word
648,domain,word
649,south,word
650,license,word
651,literal,word
652,omega,word
653,results,word
654,position,word
655,context,word
656,diaeresis,word
657,javanese,word
658,syriac,word
659,about,word
660,cursive,word
661,hamza,word
662,later,word
663,reversed,word
664,selected,word
665,whose,word
666,card,word
667,runic,word
668,unless,word
669,adlam,word
670,alias,word
671,builtin,word
672,macron,word
673,runs,word
674,unix,word
675,unset,word
676,arch,word
677,grantha,word
678,passing,word
679,web,word
680,wide,word
681,wix,word
682,element,word
683,gurmukhi,word
684,implicit,word
685,local,word
686,sogdian,word
687,ten,word
688,under,word
689,exists,word
690,including,word
691,tirhuta,word
692,cannot,word
693,citi,word
694,docs,word
695,effect,word
696,notation,word
697,subjoined,word
698,warang,word
699,cham,word
700,compiled,word
701,makefiles,word
702,nga,word
703,playing,word
704,prefer,word
705,soyombo,word
706,builds,word
707,count,word
708,currently,word
709,fixtures,word
710,many,word
711,saurashtra,word
712,table,word
713,except,word
714,once,word
715,select,word
716,usr,word
717,accent,word
718,deseret,word
719,determine,word
720,matching,word
721,mayek,word
722,meetei,word
723,objc,word
724,spec,word
725,tetragram,word
726,dependent,word
727,dirs,word
728,disable,word
729,fixture,word
730,modi,word
731,needed,word
732,oxia,word
733,related,word
734,timeout,word
735,valid,word
736,varia,word
737,numeral,word
738,typically,word
739,eta,word
740,init,word
741,resources,word
742,app,word
743,arrowhead,word
744,bopomofo,word
745,labels,word
746,refer,word
747,refsect,word
748,trace,word
749,variant,word
750,etc,word
751,generates,word
752,generation,word
753,little,word
754,masaram,word
755,minimum,word
756,none,word
757,star,word
758,adding,word
759,groups,word
760,just,word
761,lepcha,word
762,precompile,word
763,scan,word
764,schema,word
765,selection,word
766,turkic,word
767,akuru,word
768,chakma,word
769,dives,word
770,iso,word
771,lam,word
772,maxdepth,word
773,please,word
774,software,word
775,sundanese,word
776,toctree,word
777,git,word
778,keywords,word
779,lak,word
780,least,word
781,origin,word
782,osage,word
783,pali,word
784,provider,word
785,request,word
786,simply,word
787,tail,word
788,zanabazar,word
789,embed,word
790,nyiakeng,word
791,puachue,word
792,stored,word
793,tho,word
794,cha,word
795,creating,word
796,deb,word
797,extended,word
798,loop,word
799,range,word
800,translated,word
801,unlike,word
802,apl,word
803,functional,word
804,inverted,word
805,khudawadi,word
806,maksura,word
807,man,word
808,nya,word
809,previously,word
810,unified,word
811,adds,word
812,bin,word
813,kharoshthi,word
814,limbu,word
815,locations,word
816,marchen,word
817,nothing,word
818,operator,word
819,revision,word
820,special,word
821,telegraph,word
822,tha,word
823,verbose,word
824,ash,word
825,errors,word
826,fail,word
827,internal,word
828,kaithi,word
829,khah,word
830,noon,word
831,produce,word
832,separate,word
833,statistics,word
834,takri,word
835,twenty,word
836,write,word
837,binaries,word
838,data,word
839,findpython,word
840,kiyeok,word
841,mailing,word
842,means,word
843,place,word
844,processed,word
845,processing,word
846,sanitizer,word
847,view,word
848,arabian,word
849,centre,word
850,download,word
851,iota,word
852,kha,word
853,lines,word
854,map,word
855,maximum,word
856,prior,word
857,submit,word
858,considered,word
859,hexagram,word
860,launcher,word
861,min,word
862,ornament,word
863,processor,word
864,rather,word
865,rotated,word
866,triple,word
867,your,word
868,avoid,word
869,breve,word
870,depend,word
871,escape,word
872,green,word
873,gunjala,word
874,harpoon,word
875,searched,word
876,artifacts,word
877,dda,word
878,east,word
879,khojki,word
880,lagab,word
881,nko,word
882,original,word
883,pha,word
884,samaritan,word
885,second,word
886,well,word
887,bit,word
888,controls,word
889,disabled,word
890,elements,word
891,forward,word
892,job,word
893,monospace,word
894,ottoman,word
895,seen,word
896,similar,word
897,symlink,word
898,sysroot,word
899,undefined,word
900,want,word
901,args,word
902,back,word
903,dogra,word
904,exports,word
905,includes,word
906,invoked,word
907,newer,word
908,require,word
909,symlinks,word
910,therefore,word
911,dotnet,word
912,hau,word
913,intel,word
914,invocation,word
915,label,word
916,meant,word
917,sextant,word
918,space,word
919,tifinagh,word
920,wancho,word
921,yes,word
922,abi,word
923,ahom,word
924,byproducts,word
925,frameworks,word
926,gpu,word
927,image,word
928,launch,word
929,max,word
930,papers,word
931,pau,word
932,aegean,word
933,albanian,word
934,cin,word
935,cleanup,word
936,kho,word
937,legacy,word
938,mieum,word
939,nun,word
940,pahlavi,word
941,resolve,word
942,summary,word
943,verify,word
944,batak,word
945,codemodel,word
946,consider,word
947,event,word
948,failed,word
949,numbers,word
950,persian,word
951,symbolic,word
952,tikeut,word
953,upsilon,word
954,avestan,word
955,cypriot,word
956,enables,word
957,gunu,word
958,ide,word
959,identifier,word
960,side,word
961,calling,word
962,coverage,word
963,hitting,word
964,ispc,word
965,logical,word
966,nieun,word
967,optionally,word
968,particular,word
969,tta,word
970,unicode,word
971,caucasian,word
972,defaults,word
973,fields,word
974,here,word
975,ids,word
976,never,word
977,preferred,word
978,reply,word
979,roman,word
980,whole,word
981,acrophonic,word
982,anusvara,word
983,degrees,word
984,followed,word
985,future,word
986,info,word
987,normally,word
988,notes,word
989,quiet,word
990,returned,word
991,written,word
992,could,word
993,debugger,word
994,dha,word
995,documented,word
996,free,word
997,manichaean,word
998,older,word
999,pool,word
1000,replaced,word
1001,rohingya,word
1002,sequence,word
1003,shavian,word
1004,disc,word
1005,gha,word
1006,hanifi,word
1007,head,word
1008,lisu,word
1009,prefixes,word
1010,standalone,word
1011,subdir,word
1012,thaana,word
1013,affect,word
1014,alternate,word
1015,aware,word
1016,carian,word
1017,caron,word
1018,changed,word
1019,common,word
1020,compname,word
1021,defines,word
1022,done,word
1023,expansion,word
1024,instance,word
1025,kaf,word
1026,page,word
1027,warnings,word
1028,aabc,word
1029,appended,word
1030,bha,word
1031,chiki,word
1032,compare,word
1033,definition,word
1034,depending,word
1035,every,word
1036,heh,word
1037,human,word
1038,mouth,word
1039,nna,word
1040,obj,word
1041,systems,word
1042,thirty,word
1043,unique,word
1044,vedic,word
1045,very,word
1046,asterisk,word
1047,attribute,word
1048,dash,word
1049,date,word
1050,defining,word
1051,dynamic,word
1052,expect,word
1053,foreach,word
1054,home,word
1055,macros,word
1056,nvidia,word
1057,previous,word
1058,stem,word
1059,subset,word
1060,template,word
1061,tweak,word
1062,yezidi,word
1063,day,word
1064,deployment,word
1065,diamond,word
1066,dotted,word
1067,maimalai,word
1068,maimuan,word
1069,necessary,word
1070,osx,word
1071,phaistos,word
1072,pho,word
1073,ttha,word
1074,unknown,word
1075,disk,word
1076,excluded,word
1077,expected,word
1078,fatal,word
1079,hash,word
1080,meta,word
1081,mtavruli,word
1082,nagri,word
1083,outside,word
1084,put,word
1085,quoted,word
1086,rotation,word
1087,server,word
1088,shan,word
1089,she,word
1090,ssa,word
1091,syloti,word
1092,takes,word
1093,thread,word
1094,union,word
1095,verbatim,word
1096,ain,word
1097,beh,word
1098,bottom,word
1099,comment,word
1100,correctly,word
1101,did,word
1102,eclipse,word
1103,ensure,word
1104,exit,word
1105,expand,word
1106,failure,word
1107,inherits,word
1108,marked,word
1109,placed,word
1110,soname,word
1111,starting,word
1112,win,word
1113,arg,word
1114,clean,word
1115,creates,word
1116,ddha,word
1117,described,word
1118,detected,word
1119,faa,word
1120,follow,word
1121,machine,word
1122,mro,word
1123,perform,word
1124,permic,word
1125,product,word
1126,quotation,word
1127,real,word
1128,resolved,word
1129,sheen,word
1130,usually,word
1131,waw,word
1132,ali,word
1133,backtrace,word
1134,cause,word
1135,evaluate,word
1136,gali,word
1137,hidden,word
1138,homepage,word
1139,ieung,word
1140,latest,word
1141,manually,word
1142,populate,word
1143,programs,word
1144,regardless,word
1145,repeat,word
1146,share,word
1147,subscribe,word
1148,updates,word
1149,watcom,word
1150,argv,word
1151,artifact,word
1152,begin,word
1153,caps,word
1154,cho,word
1155,closed,word
1156,guard,word
1157,hard,word
1158,modified,word
1159,neutral,word
1160,next,word
1161,orkhon,word
1162,show,word
1163,silently,word
1164,targeting,word
1165,tidy,word
1166,transitive,word
1167,bassa,word
1168,break,word
1169,dad,word
1170,due,word
1171,elbasan,word
1172,int,word
1173,jha,word
1174,lowercase,word
1175,nabataean,word
1176,osmanya,word
1177,printed,word
1178,propagate,word
1179,quarter,word
1180,submodules,word
1181,tenu,word
1182,basic,word
1183,causes,word
1184,coeng,word
1185,color,word
1186,comparison,word
1187,convert,word
1188,descender,word
1189,determined,word
1190,determines,word
1191,document,word
1192,eighth,word
1193,equals,word
1194,examples,word
1195,exported,word
1196,fab,word
1197,fad,word
1198,handle,word
1199,hinge,word
1200,icon,word
1201,innosetup,word
1202,mahajani,word
1203,missing,word
1204,namespace,word
1205,operation,word
1206,raised,word
1207,slashes,word
1208,uic,word
1209,virama,word
1210,visibility,word
1211,action,word
1212,appear,word
1213,background,word
1214,bca,word
1215,certain,word
1216,console,word
1217,curly,word
1218,curve,word
1219,general,word
1220,honor,word
1221,installing,word
1222,multani,word
1223,null,word
1224,processes,word
1225,tack,word
1226,upstream,word
1227,bbe,word
1228,capture,word
1229,corner,word
1230,dependents,word
1231,epsilon,word
1232,feh,word
1233,myapp,word
1234,ninety,word
1235,pointed,word
1236,prepend,word
1237,prevent,word
1238,reh,word
1239,rejang,word
1240,tah,word
1241,upload,word
1242,vah,word
1243,vendor,word
1244,visarga,word
1245,addition,word
1246,auto,word
1247,choose,word
1248,colon,word
1249,combined,word
1250,controlled,word
1251,converted,word
1252,evaluates,word
1253,evaluation,word
1254,fixed,word
1255,flat,word
1256,generating,word
1257,individual,word
1258,microsoft,word
1259,precedence,word
1260,searches,word
1261,shader,word
1262,sort,word
1263,status,word
1264,tam,word
1265,together,word
1266,tsa,word
1267,asm,word
1268,cieuc,word
1269,clients,word
1270,colgroup,word
1271,conditions,word
1272,debuginfo,word
1273,display,word
1274,higher,word
1275,indicator,word
1276,loaded,word
1277,look,word
1278,malloc,word
1279,pop,word
1280,python,word
1281,sigma,word
1282,sompeng,word
1283,sora,word
1284,straight,word
1285,sung,word
1286,tbody,word
1287,too,word
1288,unsigned,word
1289,until,word
1290,advanced,word
1291,apply,word
1292,archaic,word
1293,bad,word
1294,boost,word
1295,char,word
1296,complete,word
1297,core,word
1298,debugging,word
1299,destdir,word
1300,fallback,word
1301,fifty,word
1302,having,word
1303,method,word
1304,operations,word
1305,performed,word
1306,populated,word
1307,readable,word
1308,simplified,word
1309,soversion,word
1310,take,word
1311,timestamp,word
1312,wrap,word
1313,access,word
1314,actually,word
1315,blue,word
1316,checked,word
1317,drop,word
1318,dug,word
1319,enum,word
1320,fac,word
1321,horn,word
1322,invalid,word
1323,leading,word
1324,limit,word
1325,minus,word
1326,ogonek,word
1327,red,word
1328,sad,word
1329,sensitive,word
1330,seventy,word
1331,sum,word
1332,variants,word
1333,acceptable,word
1334,around,word
1335,assume,word
1336,bison,word
1337,border,word
1338,cedilla,word
1339,consumers,word
1340,deferred,word
1341,developer,word
1342,encoding,word
1343,exact,word
1344,filter,word
1345,globally,word
1346,inherited,word
1347,interpret,word
1348,mylib,word
1349,omitted,word
1350,palmyrene,word
1351,postfix,word
1352,question,word
1353,raw,word
1354,send,word
1355,skipped,word
1356,solution,word
1357,toolchains,word
1358,wave,word
1359,affix,word
1360,aramaic,word
1361,consumer,word
1362,crossing,word
1363,depfile,word
1364,dingbat,word
1365,glottal,word
1366,igi,word
1367,imperial,word
1368,join,word
1369,lock,word
1370,overlay,word
1371,progress,word
1372,remote,word
1373,reverse,word
1374,rumi,word
1375,shin,word
1376,strequal,word
1377,swig,word
1378,ugaritic,word
1379,unquoted,word
1380,useswig,word
1381,whitespace,word
1382,assumed,word
1383,body,word
1384,buginese,word
1385,disallowed,word
1386,ezen,word
1387,fingers,word
1388,fix,word
1389,force,word
1390,freebsd,word
1391,heart,word
1392,hour,word
1393,menu,word
1394,model,word
1395,needs,word
1396,ngo,word
1397,nyo,word
1398,overridden,word
1399,overrides,word
1400,parthian,word
1401,phieuph,word
1402,removes,word
1403,testing,word
1404,though,word
1405,trees,word
1406,yenisei,word
1407,yus,word
1408,along,word
1409,applies,word
1410,approach,word
1411,bent,word
1412,danda,word
1413,def,word
1414,dist,word
1415,don,word
1416,fba,word
1417,forty,word
1418,gar,word
1419,had,word
1420,hold,word
1421,implicitly,word
1422,issue,word
1423,keys,word
1424,lycian,word
1425,mandaic,word
1426,namelink,word
1427,ogham,word
1428,omicron,word
1429,outputs,word
1430,parsed,word
1431,phoenician,word
1432,psalter,word
1433,referenced,word
1434,signatures,word
1435,structure,word
1436,void,word
1437,workflow,word
1438,yet,word
1439,affects,word
1440,chorasmian,word
1441,chosen,word
1442,conjoined,word
1443,consistent,word
1444,cookie,word
1445,cygwin,word
1446,dag,word
1447,detection,word
1448,effects,word
1449,embedded,word
1450,epact,word
1451,esh,word
1452,gan,word
1453,kisim,word
1454,linting,word
1455,lla,word
1456,meaning,word
1457,moon,word
1458,nor,word
1459,opening,word
1460,permission,word
1461,rho,word
1462,sag,word
1463,searching,word
1464,spoked,word
1465,terminal,word
1466,todo,word
1467,treat,word
1468,vessel,word
1469,vocal,word
1470,backward,word
1471,consuming,word
1472,continue,word
1473,diagnostic,word
1474,emulator,word
1475,endforeach,word
1476,escaped,word
1477,finding,word
1478,gothic,word
1479,gpus,word
1480,handling,word
1481,know,word
1482,lydian,word
1483,macho,word
1484,manage,word
1485,managed,word
1486,memcheck,word
1487,modify,word
1488,nested,word
1489,normalize,word
1490,quotes,word
1491,rel,word
1492,relevant,word
1493,resulting,word
1494,slanted,word
1495,solidus,word
1496,subsequent,word
1497,supporting,word
1498,zip,word
1499,accept,word
1500,again,word
1501,automatic,word
1502,big,word
1503,chieuch,word
1504,codeblocks,word
1505,correct,word
1506,earlier,word
1507,expanded,word
1508,hatran,word
1509,located,word
1510,looped,word
1511,neo,word
1512,ninda,word
1513,pools,word
1514,propagated,word
1515,quad,word
1516,recognize,word
1517,rest,word
1518,scanning,word
1519,sequences,word
1520,suppress,word
1521,taken,word
1522,thieuth,word
1523,token,word
1524,trailing,word
1525,uru,word
1526,validation,word
1527,weak,word
1528,accepts,word
1529,attached,word
1530,baa,word
1531,bug,word
1532,caller,word
1533,checker,word
1534,chi,word
1535,computed,word
1536,curl,word
1537,dark,word
1538,dialytika,word
1539,dim,word
1540,exactly,word
1541,follows,word
1542,further,word
1543,ghain,word
1544,ipo,word
1545,kur,word
1546,laing,word
1547,makasar,word
1548,neither,word
1549,nmake,word
1550,pairs,word
1551,preference,word
1552,preserved,word
1553,providing,word
1554,queries,word
1555,regional,word
1556,requests,word
1557,respective,word
1558,superseded,word
1559,superset,word
1560,tortoise,word
1561,unit,word
1562,wrapper,word
1563,address,word
1564,bundles,word
1565,compute,word
1566,convention,word
1567,describing,word
1568,extract,word
1569,eyes,word
1570,inno,word
1571,installers,word
1572,integral,word
1573,jar,word
1574,khamti,word
1575,libs,word
1576,mai,word
1577,newline,word
1578,notehead,word
1579,parse,word
1580,phi,word
1581,produces,word
1582,properly,word
1583,reading,word
1584,record,word
1585,respect,word
1586,retroflex,word
1587,shu,word
1588,spaces,word
1589,staging,word
1590,subproject,word
1591,supplement,word
1592,templates,word
1593,theta,word
1594,underbar,word
1595,visible,word
1596,actual,word
1597,applied,word
1598,attic,word
1599,baf,word
1600,comp,word
1601,dagesh,word
1602,database,word
1603,desired,word
1604,detect,word
1605,doesn,word
1606,elymaic,word
1607,err,word
1608,fee,word
1609,filesystem,word
1610,filters,word
1611,generic,word
1612,interfaces,word
1613,listing,word
1614,mac,word
1615,modes,word
1616,msbuild,word
1617,much,word
1618,nodes,word
1619,notfound,word
1620,nukta,word
1621,plugins,word
1622,quadrant,word
1623,scopes,word
1624,smiling,word
1625,stdout,word
1626,sublime,word
1627,theh,word
1628,total,word
1629,uninstall,word
1630,wiki,word
1631,according,word
1632,bae,word
1633,cached,word
1634,checking,word
1635,conversion,word
1636,developers,word
1637,discussion,word
1638,dish,word
1639,dotless,word
1640,duplicate,word
1641,echo,word
1642,exception,word
1643,fails,word
1644,fca,word
1645,frame,word
1646,glob,word
1647,indicate,word
1648,inherit,word
1649,integrity,word
1650,issued,word
1651,leaf,word
1652,mail,word
1653,mapping,word
1654,mem,word
1655,memory,word
1656,mush,word
1657,objective,word
1658,opt,word
1659,plugin,word
1660,primary,word
1661,repeated,word
1662,seconds,word
1663,sibe,word
1664,sound,word
1665,suffixes,word
1666,sure,word
1667,tagalog,word
1668,tedung,word
1669,touch,word
1670,utility,word
1671,wno,word
1672,against,word
1673,algorithm,word
1674,appears,word
1675,arrows,word
1676,che,word
1677,cray,word
1678,dialect,word
1679,expects,word
1680,gamma,word
1681,gish,word
1682,hanunoo,word
1683,hyphen,word
1684,indicates,word
1685,invoking,word
1686,kate,word
1687,khieukh,word
1688,latex,word
1689,makes,word
1690,naming,word
1691,palatal,word
1692,perhaps,word
1693,pointer,word
1694,predefined,word
1695,reasons,word
1696,rra,word
1697,several,word
1698,sla,word
1699,subcommand,word
1700,submission,word
1701,tested,word
1702,themselves,word
1703,tonos,word
1704,universal,word
1705,uppercase,word
1706,various,word
1707,vulgar,word
1708,zha,word
1709,abc,word
1710,able,word
1711,aix,word
1712,allocation,word
1713,almost,word
1714,appbundle,word
1715,buhid,word
1716,cat,word
1717,crossed,word
1718,daa,word
1719,domains,word
1720,driver,word
1721,enabling,word
1722,fce,word
1723,fed,word
1724,ides,word
1725,indicating,word
1726,installs,word
1727,invoke,word
1728,issues,word
1729,iteration,word
1730,linkers,word
1731,manchu,word
1732,mayan,word
1733,methods,word
1734,recognized,word
1735,recorded,word
1736,relocation,word
1737,simulator,word
1738,sixty,word
1739,tip,word
1740,toolkit,word
1741,triangular,word
1742,versioned,word
1743,versioning,word
1744,virtual,word
1745,wall,word
1746,abd,word
1747,abe,word
1748,accepted,word
1749,adsp,word
1750,among,word
1751,anything,word
1752,arc,word
1753,behaviors,word
1754,beta,word
1755,byproduct,word
1756,chinese,word
1757,clan,word
1758,compressed,word
1759,counting,word
1760,cup,word
1761,delta,word
1762,extracted,word
1763,fea,word
1764,flex,word
1765,generally,word
1766,hinged,word
1767,kitware,word
1768,letters,word
1769,logic,word
1770,owner,word
1771,person,word
1772,recent,word
1773,recurse,word
1774,replaces,word
1775,silicon,word
1776,startup,word
1777,abb,word
1778,ace,word
1779,affected,word
1780,ang,word
1781,annotation,word
1782,archaion,word
1783,beginning,word
1784,brackets,word
1785,bullet,word
1786,codelite,word
1787,contained,word
1788,cpu,word
1789,curved,word
1790,dal,word
1791,declare,word
1792,duplicates,word
1793,escaping,word
1794,fda,word
1795,fill,word
1796,fully,word
1797,guide,word
1798,jobs,word
1799,keep,word
1800,libx,word
1801,lzma,word
1802,natural,word
1803,occurs,word
1804,pages,word
1805,party,word
1806,problems,word
1807,produced,word
1808,represents,word
1809,rod,word
1810,shadowed,word
1811,shortcut,word
1812,sideways,word
1813,suitable,word
1814,synopsis,word
1815,tagbanwa,word
1816,tau,word
1817,timestamps,word
1818,truncation,word
1819,vas,word
1820,voiced,word
1821,whenever,word
1822,word,word
1823,aba,word
1824,across,word
1825,although,word
1826,archives,word
1827,argc,word
1828,ascii,word
1829,attributes,word
1830,blackfoot,word
1831,byte,word
1832,dart,word
1833,eeb,word
1834,ending,word
1835,english,word
1836,ensures,word
1837,events,word
1838,exporting,word
1839,expressed,word
1840,fall,word
1841,fbe,word
1842,fec,word
1843,fef,word
1844,ffa,word
1845,floor,word
1846,fragment,word
1847,fthora,word
1848,ghe,word
1849,glue,word
1850,img,word
1851,java,word
1852,kappa,word
1853,karen,word
1854,king,word
1855,metadata,word
1856,operating,word
1857,pap,word
1858,period,word
1859,phone,word
1860,predefines,word
1861,prefixed,word
1862,prime,word
1863,processors,word
1864,queen,word
1865,resolution,word
1866,selects,word
1867,separable,word
1868,simple,word
1869,soft,word
1870,stores,word
1871,tailed,word
1872,aaf,word
1873,aff,word
1874,area,word
1875,ary,word
1876,ayin,word
1877,better,word
1878,broken,word
1879,ceiling,word
1880,checksum,word
1881,choice,word
1882,circles,word
1883,closing,word
1884,cost,word
1885,dev,word
1886,disables,word
1887,dollar,word
1888,effective,word
1889,emitted,word
1890,encoded,word
1891,epoch,word
1892,falling,word
1893,folders,word
1894,fooplugin,word
1895,friendly,word
1896,gud,word
1897,hearts,word
1898,height,word
1899,internally,word
1900,junit,word
1901,leg,word
1902,listinfo,word
1903,loads,word
1904,locate,word
1905,looks,word
1906,mycomp,word
1907,node,word
1908,often,word
1909,operators,word
1910,ordering,word
1911,parsing,word
1912,passes,word
1913,plain,word
1914,points,word
1915,port,word
1916,prefers,word
1917,problem,word
1918,psi,word
1919,recursion,word
1920,reserved,word
1921,resh,word
1922,retry,word
1923,sayisi,word
1924,signing,word
1925,sizeof,word
1926,state,word
1927,tak,word
1928,tegra,word
1929,threads,word
1930,tongue,word
1931,travel,word
1932,turn,word
1933,underlying,word
1934,updating,word
1935,wizard,word
1936,aleph,word
1937,ant,word
1938,approved,word
1939,ask,word
1940,attempt,word
1941,avagraha,word
1942,away,word
1943,barred,word
1944,basename,word
1945,beth,word
1946,bytes,word
1947,cim,word
1948,clockwise,word
1949,compiles,word
1950,constant,word
1951,consumed,word
1952,copying,word
1953,customize,word
1954,dataroot,word
1955,dde,word
1956,defs,word
1957,deploy,word
1958,detailed,word
1959,directive,word
1960,displayed,word
1961,distro,word
1962,ead,word
1963,earth,word
1964,evaluating,word
1965,far,word
1966,finish,word
1967,gimel,word
1968,globbing,word
1969,handled,word
1970,hkey,word
1971,honors,word
1972,inclusion,word
1973,iotified,word
1974,komi,word
1975,live,word
1976,mappings,word
1977,marker,word
1978,mentioned,word
1979,nightly,word
1980,normalized,word
1981,oblique,word
1982,others,word
1983,outdated,word
1984,packaged,word
1985,quarters,word
1986,recently,word
1987,shad,word
1988,sheshig,word
1989,signal,word
1990,spread,word
1991,sua,word
1992,subject,word
1993,succeeds,word
1994,success,word
1995,sun,word
1996,taw,word
1997,twelve,word
1998,valign,word
1999,visionos,word
2000,watchos,word
2001,zain,word
2002,zhe,word
2003,account,word
2004,anywhere,word
2005,arbitrary,word
2006,author,word
2007,bba,word
2008,bee,word
2009,candra,word
2010,care,word
2011,cee,word
2012,circular,word
2013,cobertura,word
2014,colors,word
2015,comments,word
2016,completely,word
2017,compress,word
2018,consists,word
2019,copied,word
2020,dap,word
2021,dca,word
2022,dee,word
2023,deep,word
2024,defer,word
2025,dentistry,word
2026,designed,word
2027,digraph,word
2028,eab,word
2029,eighths,word
2030,eighty,word
2031,existence,word
2032,existent,word
2033,ext,word
2034,facing,word
2035,grouped,word
2036,guid,word
2037,haa,word
2038,implib,word
2039,insert,word
2040,insular,word
2041,kaph,word
2042,kaskal,word
2043,keycap,word
2044,koet,word
2045,layout,word
2046,lead,word
2047,leave,word
2048,mach,word
2049,mailman,word
2050,men,word
2051,mgo,word
2052,myvar,word
2053,naskapi,word
2054,offers,word
2055,overwrite,word
2056,password,word
2057,pie,word
2058,populates,word
2059,priority,word
2060,purpose,word
2061,purposes,word
2062,random,word
2063,replacing,word
2064,requiring,word
2065,restore,word
